<?xml version="1.0" encoding="UTF-8"?>
<metadata xml:lang="pt"><Esri><CreaDate>20250702</CreaDate><CreaTime>14590800</CreaTime><ArcGISFormat>1.0</ArcGISFormat><SyncOnce>TRUE</SyncOnce><DataProperties><lineage><Process ToolSource="c:\program files (x86)\arcgis\desktop10.8\ArcToolbox\Toolboxes\Data Management Tools.tbx\CalculateField" Date="20250626" Time="172538">CalculateField SetoresSP_urbanosRenda rV06004 0 VB #</Process><Process ToolSource="c:\program files (x86)\arcgis\desktop10.8\ArcToolbox\Toolboxes\Data Management Tools.tbx\CalculateField" Date="20250626" Time="172603">CalculateField SetoresSP_urbanosRenda rV06004 0 VB #</Process><Process ToolSource="c:\program files (x86)\arcgis\desktop10.8\ArcToolbox\Toolboxes\Data Management Tools.tbx\CalculateField" Date="20250626" Time="172638">CalculateField SetoresSP_urbanosRenda rV06004 0 VB #</Process><Process ToolSource="c:\program files (x86)\arcgis\desktop10.8\ArcToolbox\Toolboxes\Data Management Tools.tbx\CalculateField" Date="20250626" Time="172655">CalculateField SetoresSP_urbanosRenda SM [rV06004]/1212 VB #</Process><Process ToolSource="c:\program files (x86)\arcgis\desktop10.8\ArcToolbox\Toolboxes\Data Management Tools.tbx\CalculateField" Date="20250702" Time="144725">CalculateField SetoresSP_urbanosRenda classe "E" VB #</Process><Process ToolSource="c:\program files (x86)\arcgis\desktop10.8\ArcToolbox\Toolboxes\Data Management Tools.tbx\CalculateField" Date="20250702" Time="144847">CalculateField SetoresSP_urbanosRenda classe "D" VB #</Process><Process ToolSource="c:\program files (x86)\arcgis\desktop10.8\ArcToolbox\Toolboxes\Data Management Tools.tbx\CalculateField" Date="20250702" Time="144904">CalculateField SetoresSP_urbanosRenda classe "C2" VB #</Process><Process ToolSource="c:\program files (x86)\arcgis\desktop10.8\ArcToolbox\Toolboxes\Data Management Tools.tbx\CalculateField" Date="20250702" Time="144923">CalculateField SetoresSP_urbanosRenda classe "C1" VB #</Process><Process ToolSource="c:\program files (x86)\arcgis\desktop10.8\ArcToolbox\Toolboxes\Data Management Tools.tbx\CalculateField" Date="20250702" Time="144949">CalculateField SetoresSP_urbanosRenda classe "A e B" VB #</Process></lineage></DataProperties></Esri></metadata>
